Year;Month;Date;Piege;Commune;Village;Environnement;Eau;Debris;H20;Oeufs;Albo_M;Tot_Albo;Aegypti_M;Tot_aegypti;Tot_Aedes;X;Y
2021;Avril;05/08/2021;3;Koungou;Koungou;PU;Neutre;faibles;sec;7;0;0;0;0;0;522693,5;8592187,42
2021;Avril;06/08/2021;10;Koungou;Kangani;U;Neutre;Neutre;sec;29;0;0;0;0;0;520124,38;8592713,34
2021;Avril;06/08/2021;8;Koungou;Kangani;U;Neutre;Neutre;sec;43;0;0;5;5;5;520212,53;8592719,58
2021;Août;06/08/2021;9;Koungou;Kangani;U;Neutre;Neutre;sec;105;15;26;5;5;31;520137,24;8592627,29
2021;Octobre;18/05/2021;1;Koungou;koungou;PU;trouble;élevés;sec;77;87;135;29;29;164;522706,99;8592096,84
2021;Septembre;26/05/2021;1;Koungou;Kangani;U;Neutre;Neutre;sec;115;8;100;5;5;105;520396,49;8593102,62
2021;Septembre;18/05/2021;1;Koungou;Kangani;U;Neutre;Neutre;sec;205;327;421;5;5;426;520396,49;8593102,62
2021;Octobre;29/07/2021;1;Koungou;Kangani;U;trouble;élevés;sec;51;26;26;2;7;33;520396,49;8593102,62
2021;Juin;01/09/2021;2;Koungou;Koungou;PU;Neutre;faibles;sec;43;0;0;8;13;13;523367,81;8592152,36
2021;Août;29/07/2021;1;Koungou;Koungou;PU;claire;faibles;sec;45;11;11;14;24;35;522706,99;8592096,84
2021;Février;06/05/2021;3;Koungou;koungou;PU;Neutre;faibles;sec;0;0;0;0;0;0;522693,5;8592187,42
2021;Février;26/05/2021;10;Koungou;Kangani;U;Neutre;Neutre;sec;0;0;0;5;5;5;520124,38;8592713,34
2021;Septembre;26/05/2021;8;Koungou;koungou;PU;Neutre;faibles;sec;31;37;37;0;0;37;522936,03;8586932,22
2021;mai;02/06/2021;7;Koungou;Kangani;U;claire;faibles;sec;49;0;0;5;5;5;520164,53;8592838,27
2021;mai;26/05/2021;11;Koungou;Kangani;U;claire;faibles;sec;70;0;0;5;5;5;520319,66;8592688,64
2021;mai;08/06/2021;4;Koungou;koungou;PU;Neutre;faibles;sec;36;19;19;8;8;19;522716,33;8592232,18
2021;Juin;05/08/2021;1;Koungou;Koungou;PU;Neutre;faibles;sec;47;19;19;8;8;19;522706,99;8592096,84
2021;Mars ;30/06/2021;11;Koungou;Kangani;U;trouble;élevés;faible;10;71;71;5;5;21;520319,66;8592688,64
2021;Août;29/03/2021;8;Koungou;koungou;U;trouble;élevés;faible;95;11;11;8;8;19;522936,03;8586932,22
2021;Septembre;29/07/2021;4;Koungou;Kangani;U;claire;faibles;sec;103;68;68;5;5;73;520157,31;8592912,59
2021;Août;29/03/2021;2;Koungou;koungou;U;trouble;élevés;sec;45;8;8;8;8;16;523367,81;8592152,36
2021;Août;16/06/2021;1;Koungou;koungou;PU;Neutre;faibles;sec;46;19;6;8;8;14;522706,99;8592096,84
2021;Octobre;26/05/2021;9;Koungou;Kangani;U;claire;faibles;sec;109;13;13;8;8;21;520137,24;8592627,29
2021;Juillet ;02/06/2021;9;Koungou;Kangani;U;Neutre;Neutre;sec;119;14;14;5;5;19;520137,24;8592627,29
2021;Août;29/04/2021;11;Koungou;Kangani;U;Neutre;Neutre;sec;71;39;39;5;5;44;520319,66;8592688,64
2021;Septembre;29/04/2021;9;Koungou;Kangani;U;trouble;élevés;normal;84;71;71;5;5;76;513623,85;8592631,24
2021;Octobre;26/05/2021;7;Koungou;koungou;PU;Neutre;faibles;sec;51;49;49;11;11;60;522822,77;8592305,64
2021;Juillet ;09/06/2021;10;Koungou;Kangani;U;Neutre;Neutre;sec;65;18;18;5;5;23;520124,05;8592713,34
2021;Février;08/06/2021;2;Koungou;koungou;PU;claire;faibles;sec;0;0;0;8;8;8;523367,81;8592152,36
2021;Août;05/08/2021;2;Koungou;Koungou;PU;trouble;faibles;sec;26;7;7;8;8;15;523367,81;8592152,36
2021;mai;09/06/2021;9;Koungou;Kangani;U;Neutre;Neutre;sec;87;35;35;5;5;21;520137,24;8592627,29
2021;Août;29/03/2021;1;Koungou;koungou;U;trouble;élevés;normal;85;6;6;8;8;14;522706,99;8592096,84
2021;Juin;18/05/2021;2;Koungou;koungou;PU;trouble;élevés;sec;64;19;19;2;2;21;523367,81;8592152,36
2021;mai;30/06/2021;10;Koungou;Kangani;U;Neutre;Neutre;sec;49;31;31;5;5;21;520124,27;8592713,34
2021;Juin;01/09/2021;5;Koungou;Koungou;PU;Neutre;faibles;sec;36;0;0;8;8;8;522709,17;8592231,19
2021;mai;09/06/2021;8;Koungou;Kangani;U;claire;faibles;sec;95;20;20;5;5;21;520212,53;8592719,58
2021;Juin;18/05/2021;3;Koungou;koungou;PU;Neutre;faibles;sec;42;19;19;8;8;19;522693,5;8592187,42
2021;mai;26/08/2021;11;Koungou;Kangani;U;trouble;faibles;sec;67;0;0;5;5;5;520319,66;8592688,64
2021;Octobre;29/03/2021;3;Koungou;Kangani;U;trouble;élevés;faible;125;19;19;4;4;23;520127,17;8592966,79
2021;Septembre;29/03/2021;2;Koungou;Kangani;U;trouble;élevés;faible;125;81;81;5;5;86;520214,66;8592955,12
2021;mai;29/04/2021;4;Koungou;Kangani;U;claire;faibles;faible;62;4;4;5;5;21;520157,31;8592912,59
2021;Octobre;29/03/2021;1;Koungou;Kangani;U;trouble;élevés;normal;50;12;12;18;18;30;520396,49;8593102,62
2021;Octobre;29/04/2021;6;Koungou;Kangani;U;trouble;élevés;normal;96;68;68;3;3;71;520115,69;8592855,11
2021;Mars ;29/04/2021;5;Koungou;Kangani;U;claire;faibles;normal;20;0;0;0;0;0;520046,77;8592876,28
2021;Octobre;29/04/2021;3;Koungou;Kangani;U;claire;faibles;normal;31;2;2;8;8;10;520127,17;8592966,79
2021;Août;29/04/2021;2;Koungou;Kangani;U;claire;faibles;normal;47;49;49;0;0;49;520214,66;8592955,12
2021;mai;29/04/2021;1;Koungou;Kangani;U;trouble;faibles;normal;121;0;0;5;5;5;520396,49;8593102,62
2021;Avril;29/04/2021;10;Koungou;Kangani;U;claire;Neutre;normal;32;0;0;0;0;0;520124,38;8592713,34
2021;Juillet ;29/04/2021;7;Koungou;Kangani;U;claire;Neutre;normal;145;11;11;0;0;11;520099,39;8592838,31
2021;Octobre;26/08/2021;10;Koungou;Kangani;U;trouble;faibles;sec;39;0;0;12;12;12;520124,38;8592713,34
2021;Mars ;07/07/2021;5;Koungou;Kangani;U;Neutre;Neutre;sec;0;0;0;0;0;0;520046,77;8592876,28
2021;Mars ;07/07/2021;7;Koungou;Kangani;U;Neutre;Neutre;sec;0;0;0;0;0;0;520099,39;8592838,31
2021;Mars ;18/05/2021;7;Koungou;Kangani;U;Neutre;Neutre;sec;10;0;0;0;0;0;520164,53;8592838,27
2021;Mars ;29/03/2021;7;Koungou;Kangani;U;Neutre;Neutre;sec;23;0;0;0;0;0;520164,53;8592838,27
2021;Avril;07/07/2021;11;Koungou;Kangani;U;Neutre;Neutre;sec;25;0;0;0;0;0;520319,66;8592688,64
2021;Avril;07/07/2021;8;Koungou;Kangani;U;Neutre;Neutre;sec;42;0;0;0;0;0;520212,53;8592719,58
2021;Octobre;07/07/2021;9;Koungou;Kangani;U;Neutre;Neutre;sec;159;1;1;4;4;5;520137,24;8592627,29
2021;Mars ;30/06/2021;2;Koungou;Kangani;U;Neutre;Neutre;sec;0;0;0;5;5;5;520214,66;8592955,12
2021;Mars ;30/06/2021;5;Koungou;Kangani;U;Neutre;Neutre;sec;0;0;0;5;5;5;520046,77;8592876,28
2021;Mars ;19/08/2021;1;Koungou;Kangani;U;Neutre;Neutre;sec;0;0;0;5;5;5;520396,49;8593102,62
2021;Mars ;19/08/2021;5;Koungou;Kangani;U;Neutre;Neutre;sec;0;0;0;5;5;5;520046,77;8592876,28
2021;Mars ;01/09/2021;8;Koungou;Kangani;U;Neutre;Neutre;sec;0;0;0;5;5;5;520212,53;8592719,58
2021;Mars ;09/06/2021;2;Koungou;Kangani;U;Neutre;Neutre;sec;9;0;0;5;5;5;520214,66;8592955,12
2021;Mars ;15/09/2021;1;Koungou;Kangani;U;Neutre;Neutre;sec;10;0;0;5;5;5;520396,49;8593102,62
2021;Mars ;01/09/2021;9;Koungou;Kangani;U;Neutre;Neutre;sec;19;0;0;5;5;5;520137,24;8592627,29
2021;Mars ;26/08/2021;1;Koungou;Kangani;U;Neutre;Neutre;sec;23;0;0;5;5;5;520396,49;8593102,62
2021;Mars ;19/08/2021;11;Koungou;Kangani;U;Neutre;Neutre;sec;24;0;0;5;5;5;520319,66;8592688,64
2021;Avril;01/09/2021;6;Koungou;Kangani;U;Neutre;Neutre;sec;27;0;0;5;5;5;520115,69;8592855,11
2021;Avril;09/09/2021;1;Koungou;Kangani;U;Neutre;Neutre;sec;28;0;0;5;5;5;520396,49;8593102,62
2021;Avril;19/08/2021;8;Koungou;Kangani;U;Neutre;Neutre;sec;30;0;0;5;5;5;520212,53;8592719,58
2021;Avril;09/09/2021;8;Koungou;Kangani;U;Neutre;Neutre;sec;39;0;0;5;5;5;520212,53;8592719,58
2021;Avril;09/06/2021;11;Koungou;Kangani;U;Neutre;Neutre;sec;40;0;0;5;5;5;520319,66;8592688,64
2021;Avril;01/09/2021;3;Koungou;Kangani;U;Neutre;Neutre;sec;41;0;0;5;5;5;520127,17;8592966,79
2021;Avril;06/08/2021;2;Koungou;Kangani;U;Neutre;Neutre;sec;43;0;0;5;5;5;520214,66;8592955,12
2021;mai;26/05/2021;7;Koungou;Kangani;U;Neutre;Neutre;sec;45;0;0;5;5;5;520099,39;8592838,31
2021;mai;01/09/2021;4;Koungou;Kangani;U;Neutre;Neutre;sec;52;0;0;5;5;5;520157,31;8592912,59
2021;mai;26/05/2021;4;Koungou;Kangani;U;Neutre;Neutre;sec;55;0;0;5;5;5;520157,31;8592912,59
2021;mai;08/10/2021;8;Koungou;Kangani;U;Neutre;Neutre;sec;61;0;0;5;5;5;520212,53;8592719,58
2021;mai;09/09/2021;2;Koungou;Kangani;U;Neutre;Neutre;sec;69;0;0;5;5;5;520214,66;8592955,12
2021;mai;15/09/2021;8;Koungou;Kangani;U;Neutre;Neutre;sec;73;0;0;5;5;5;520212,53;8592714,05
2021;mai;06/08/2021;7;Koungou;Kangani;U;Neutre;Neutre;sec;77;0;0;5;5;5;520164,53;8592838,27
2021;mai;26/08/2021;8;Koungou;Kangani;U;Neutre;Neutre;sec;83;0;0;5;5;5;520212,53;8592719,58
2021;mai;09/09/2021;9;Koungou;Kangani;U;Neutre;Neutre;sec;89;0;0;5;5;5;520137,24;8592627,29
2021;mai;06/08/2021;4;Koungou;Kangani;U;Neutre;Neutre;sec;117;0;0;5;5;5;520157,31;8592912,59
2021;mai;29/03/2021;9;Koungou;Kangani;U;Neutre;Neutre;sec;62;0;0;5;5;5;520137,24;8592627,29
2021;Mars ;16/06/2021;4;Koungou;Kangani;U;Neutre;Neutre;sec;0;28;0;5;5;5;520157,31;8592912,59
2021;Mars ;16/06/2021;5;Koungou;Kangani;U;Neutre;Neutre;sec;6;28;0;5;5;5;520046,77;8592876,28
2021;Juin;01/09/2021;1;Koungou;Kangani;U;Neutre;Neutre;sec;37;1;1;5;5;6;520396,49;8593102,62
2021;Juin;26/05/2021;2;Koungou;Kangani;U;Neutre;Neutre;sec;38;1;1;5;5;6;520214,66;8592955,12
2021;Juin;07/07/2021;4;Koungou;Kangani;U;Neutre;Neutre;sec;51;1;1;5;5;6;520157,31;8592912,59
2021;Juin;09/03/2021;10;Koungou;Kangani;U;Neutre;Neutre;sec;58;27;1;5;5;6;520124,05;8592713,34
2021;Juin;18/05/2021;4;Koungou;Kangani;U;Neutre;Neutre;sec;3;2;2;5;5;7;520157,31;8592912,59
2021;Juillet ;23/07/2021;5;Koungou;Kangani;U;Neutre;Neutre;sec;62;2;2;5;5;7;520046,77;8592876,28
2021;Octobre;26/08/2021;4;Koungou;Kangani;U;Neutre;Neutre;sec;65;3;3;5;5;8;520157,31;8592912,59
2021;Juillet ;19/08/2021;7;Koungou;Kangani;U;Neutre;Neutre;sec;17;3;3;5;5;8;520164,53;8592838,27
2021;Juillet ;01/09/2021;2;Koungou;Kangani;U;Neutre;Neutre;sec;18;3;3;5;5;8;520214,55;8592955,12
2021;Juillet ;01/09/2021;5;Koungou;Kangani;U;Neutre;Neutre;sec;39;3;3;5;5;8;520046,77;8592876,28
2021;Juillet ;02/06/2021;11;Koungou;Kangani;U;Neutre;Neutre;sec;59;4;4;5;5;9;520319,66;8592688,64
2021;Octobre;07/07/2021;6;Koungou;Kangani;U;Neutre;Neutre;sec;130;6;6;4;4;10;520115,69;8592855,11
2021;Juillet ;19/08/2021;3;Koungou;Kangani;U;Neutre;Neutre;sec;14;5;5;5;5;10;519801,49;8592967,03
2021;Juillet ;09/09/2021;3;Koungou;Kangani;U;Neutre;Neutre;sec;55;6;6;5;5;11;520127,17;8592966,79
2021;Juillet ;16/06/2021;2;Koungou;Kangani;U;Neutre;Neutre;sec;26;24;6;5;5;11;520214,66;8592955,12
2021;Juillet ;06/05/2021;4;Koungou;Kangani;U;Neutre;Neutre;sec;60;7;7;5;5;12;520157,31;8592912,59
2021;Juillet ;16/06/2021;9;Koungou;Kangani;U;Neutre;Neutre;sec;78;24;7;5;5;12;520137,24;8592627,29
2021;Juillet ;02/06/2021;4;Koungou;Kangani;U;Neutre;Neutre;sec;67;8;8;5;5;13;514382,98;4936082,4
2021;Juillet ;07/07/2021;1;Koungou;Kangani;U;Neutre;Neutre;sec;88;8;8;5;5;13;520396,49;8593102,62
2021;Septembre;06/08/2021;1;Koungou;Kangani;U;Neutre;Neutre;sec;54;13;13;1;1;14;520396,49;8593102,62
2021;Juillet ;29/07/2021;8;Koungou;Kangani;U;Neutre;Neutre;sec;33;9;9;5;5;14;520212,53;8592719,58
2021;Juillet ;19/08/2021;6;Koungou;Kangani;U;Neutre;Neutre;sec;58;9;9;5;5;14;520115,69;8592855,11
2021;Juillet ;19/08/2021;10;Koungou;Kangani;U;Neutre;Neutre;sec;27;11;11;5;5;16;520124,27;8592713,34
2021;Juillet ;02/06/2021;5;Koungou;Kangani;U;Neutre;Neutre;sec;43;11;11;5;5;16;520046,77;8592876,28
2021;Juillet ;15/09/2021;3;Koungou;Kangani;U;Neutre;Neutre;sec;62;11;11;5;5;16;520127,17;8592966,79
2021;Juillet ;06/08/2021;3;Koungou;Kangani;U;Neutre;Neutre;sec;73;11;11;5;5;16;520127,17;8592966,79
2021;Juillet ;29/07/2021;5;Koungou;Kangani;U;Neutre;Neutre;sec;65;12;12;5;5;17;520046,77;8592876,28
2021;Septembre;23/07/2021;2;Koungou;Kangani;U;Neutre;Neutre;sec;21;13;13;1;1;14;520214,66;8592955,12
2021;Septembre;18/05/2021;3;Koungou;Kangani;U;Neutre;Neutre;sec;14;15;15;2;2;17;520127,17;8592966,79
2021;Septembre;15/09/2021;4;Koungou;Kangani;U;Neutre;Neutre;sec;77;15;15;2;2;17;520157,31;8592912,59
2021;Juillet ;16/06/2021;10;Koungou;Kangani;U;Neutre;Neutre;sec;16;21;14;5;5;19;520124,05;8592713,34
2021;Juillet ;19/08/2021;9;Koungou;Kangani;U;Neutre;Neutre;sec;49;15;15;5;5;20;520137,24;8592627,29
2021;Septembre;30/06/2021;9;Koungou;Kangani;U;Neutre;Neutre;sec;29;15;15;3;3;18;520136,88;11407873,2
2021;Juin;06/08/2021;5;Koungou;Kangani;U;Neutre;Neutre;sec;62;22;22;5;5;21;520046,77;8592876,28
2021;Juin;05/11/2021;1;Koungou;Kangani;U;Neutre;Neutre;sec;62;22;22;5;5;22;520396,49;8593102,62
2021;Juillet ;26/08/2021;2;Koungou;Kangani;U;Neutre;Neutre;sec;73;17;17;5;5;22;520214,55;8592955,12
2021;Juillet ;09/09/2021;10;Koungou;Kangani;U;Neutre;Neutre;sec;163;17;17;5;5;22;520124,38;8592713,34
2021;Juillet ;16/06/2021;3;Koungou;Kangani;U;Neutre;Neutre;sec;45;22;17;5;5;22;520127,17;8592966,79
2021;Février;09/03/2021;6;Koungou;Kangani;U;Neutre;Neutre;sec;0;22;22;5;5;22;520115,7;8592876,23
2021;Juin;05/11/2021;9;Koungou;Kangani;U;Neutre;Neutre;sec;62;21;21;5;5;22;520137,24;8592627,29
2021;Juin;05/11/2021;10;Koungou;Kangani;U;Neutre;Neutre;sec;62;21;21;5;5;22;520124,38;8592713,34
2021;Février;23/03/2021;7;Koungou;Kangani;U;Neutre;Neutre;sec;0;21;21;5;5;23;520164,53;8592838,27
2021;Février;09/06/2021;5;Koungou;Kangani;U;Neutre;Neutre;sec;0;22;22;5;5;23;520046,77;8592876,28
2021;Octobre;30/06/2021;7;Koungou;Kangani;U;Neutre;Neutre;sec;5;20;20;6;6;26;520099,04;11407662,2
2021;Juillet ;23/07/2021;1;Koungou;Kangani;U;Neutre;Neutre;sec;33;18;18;5;5;23;520396,13;11407397,9
2021;Août;30/09/2021;10;Koungou;Kangani;U;Neutre;Neutre;sec;73;18;18;5;5;23;520124,05;8592713,34
2021;Octobre;07/07/2021;10;Koungou;Kangani;U;Neutre;Neutre;sec;45;20;20;10;10;30;520124,05;8592713,34
2021;Août;29/07/2021;11;Koungou;Kangani;U;Neutre;Neutre;sec;28;21;21;5;5;26;520319,66;8592688,64
2021;Octobre;18/05/2021;10;Koungou;Kangani;U;Neutre;Neutre;sec;76;21;21;6;6;27;520124,05;8592713,34
2021;Août;29/07/2021;10;Koungou;Kangani;U;Neutre;Neutre;sec;62;24;24;5;5;29;520124,05;8592713,34
2021;Octobre;15/09/2021;5;Koungou;Kangani;U;Neutre;Neutre;sec;19;20;20;15;15;35;520046,77;8592876,28
2021;Août;30/09/2021;3;Koungou;Kangani;U;Neutre;Neutre;sec;59;26;26;5;5;31;520127,17;8592966,79
2021;Août;29/07/2021;7;Koungou;Kangani;U;Neutre;Neutre;sec;40;27;27;5;5;32;520099,39;8592838,31
2021;Août;29/03/2021;6;Koungou;Kangani;U;Neutre;Neutre;sec;46;31;31;5;5;36;520115,69;8592855,11
2021;Août;29/07/2021;3;Koungou;Kangani;U;Neutre;Neutre;sec;57;31;31;5;5;36;520127,17;8592966,79
2021;Août;15/10/2021;3;Koungou;Kangani;U;Neutre;Neutre;sec;96;31;31;5;5;36;520127,17;8592966,79
2021;Octobre;29/03/2021;11;Koungou;Kangani;U;Neutre;Neutre;sec;69;19;19;19;19;38;520319,66;8592688,64
2021;Août;09/06/2021;3;Koungou;Kangani;U;Neutre;Neutre;sec;158;34;34;5;5;39;520127,17;8592966,79
2021;Août;06/08/2021;6;Koungou;Kangani;U;Neutre;Neutre;sec;68;35;35;5;5;40;520115,69;8592855,11
2021;Octobre;15/09/2021;9;Koungou;Kangani;U;Neutre;Neutre;sec;82;0;0;43;43;43;520137,24;8592627,29
2021;Août;15/09/2021;10;Koungou;Kangani;U;Neutre;Neutre;sec;60;39;39;5;5;44;520124,38;8592713,34
2021;Août;29/07/2021;9;Koungou;Kangani;U;Neutre;Neutre;sec;78;39;39;5;5;44;520137,24;8592627,29
2021;Août;30/09/2021;9;Koungou;Kangani;U;Neutre;Neutre;sec;123;43;43;5;5;48;520137,24;8592627,29
2021;Août;09/09/2021;6;Koungou;Kangani;U;Neutre;Neutre;sec;57;46;46;5;5;51;520115,69;8592855,11
2021;Août;02/06/2021;10;Koungou;Kangani;U;Neutre;Neutre;sec;107;47;47;5;5;52;520124,05;8592713,34
2021;Août;23/03/2021;1;Koungou;Kangani;U;Neutre;Neutre;sec;159;22;50;5;5;55;520396,49;8593102,62
2021;Septembre;23/07/2021;8;Koungou;Kangani;U;Neutre;Neutre;sec;77;51;51;5;5;56;520212,53;8592719,58
2021;Septembre;06/08/2021;11;Koungou;kangani;U;Neutre;Neutre;sec;97;64;64;1;1;65;520319,66;8592688,64
2021;Septembre;18/05/2021;6;Koungou;Kangani;U;Neutre;Neutre;sec;7;68;68;0;0;68;520115,69;8592855,11
2021;Septembre;02/06/2021;1;Koungou;Kangani;U;Neutre;Neutre;sec;111;64;64;5;5;69;520396,49;8593102,62
2021;Septembre;01/09/2021;10;Koungou;Kangani;U;Neutre;Neutre;sec;88;65;65;5;5;70;520124,05;8592713,34
2021;Septembre;26/05/2021;3;Koungou;Kangani;U;Neutre;Neutre;sec;67;71;71;5;5;76;519584,38;8592967,18
2021;Septembre;29/07/2021;6;Koungou;Kangani;U;Neutre;Neutre;sec;94;73;73;5;5;78;520115,69;8592855,11
2021;Septembre;09/06/2021;6;Koungou;Kangani;U;Neutre;Neutre;sec;225;73;73;5;5;78;520115,69;8592855,11
2021;Octobre;07/07/2021;3;Koungou;Kangani;U;Neutre;Neutre;sec;195;72;72;13;13;85;520127,17;8592966,79
2021;Septembre;16/06/2021;6;Koungou;Kangani;U;Neutre;Neutre;sec;44;24;80;5;5;85;520115,69;8592855,11
2021;Septembre;23/07/2021;10;Koungou;Kangani;U;Neutre;Neutre;sec;106;84;84;5;5;89;520124,05;8592713,34
2021;Septembre;30/06/2021;6;Koungou;Kangani;U;Neutre;Neutre;sec;19;85;85;5;5;90;520115,69;8592855,11
2021;Septembre;09/06/2021;1;Koungou;Kangani;U;Neutre;Neutre;sec;195;113;113;5;5;118;520396,49;8593102,62
2021;Septembre;16/06/2021;1;Koungou;Kangani;U;Neutre;Neutre;sec;250;24;183;5;5;188;520396,49;8593102,62
2021;Octobre;23/07/2021;9;Koungou;Kangani;U;Neutre;Neutre;sec;62;24;85;5;5;;520137,24;8592627,29
2021;Février;29/03/2021;10;Koungou;Kangani;U;claire;élevés;sec;0;0;0;5;5;5;520124,05;8592713,34
2021;Août;09/09/2021;7;Koungou;Kangani;U;claire;élevés;sec;127;18;18;5;5;23;520164,53;8592838,27
2021;Avril;06/05/2021;7;Koungou;Kangani;U;trouble;élevés;sec;32;0;0;0;0;0;520099,39;8592838,31
2021;Février;26/05/2021;5;Koungou;Kangani;U;trouble;élevés;sec;0;0;0;5;5;5;520046,77;8592876,28
2021;Avril;01/09/2021;7;Koungou;Kangani;U;trouble;élevés;sec;35;0;0;5;5;5;520164,53;8592838,27
2021;Avril;08/10/2021;11;Koungou;Kangani;U;trouble;élevés;sec;38;0;0;5;5;5;520319,66;8592688,64
2021;Avril;26/08/2021;7;Koungou;Kangani;U;trouble;élevés;sec;41;0;0;5;5;5;520164,53;8592838,27
2021;mai;01/09/2021;11;Koungou;Kangani;U;trouble;élevés;sec;61;0;0;5;5;5;520319,67;8592713,19
2021;Octobre;30/09/2021;7;Koungou;Kangani;U;trouble;élevés;sec;85;0;0;11;11;11;520164,53;8592838,27
2021;Juillet ;30/09/2021;11;Koungou;Kangani;U;trouble;élevés;sec;34;6;6;5;5;11;520319,66;8592688,64
2021;Juillet ;04/03/2021;8;Koungou;Kangani;U;trouble;élevés;sec;250;10;6;5;5;11;520212,53;8592719,58
2021;Juillet ;02/06/2021;8;Koungou;Kangani;U;trouble;élevés;sec;65;9;9;5;5;14;520212,53;8592719,58
2021;Juillet ;16/06/2021;8;Koungou;Kangani;U;trouble;élevés;sec;76;10;10;5;5;15;520212,53;8592719,58
2021;Juillet ;08/10/2021;10;Koungou;Kangani;U;trouble;élevés;sec;72;13;13;5;5;18;520124,05;8592713,34
2021;Juillet ;08/10/2021;6;Koungou;Kangani;U;trouble;élevés;sec;95;14;14;5;5;19;520160,43;8592729,9
2021;Septembre;15/10/2021;2;Koungou;Kangani;U;trouble;élevés;sec;149;21;21;3;3;24;520214,66;8592955,12
2021;Juin;05/11/2021;3;Koungou;Kangani;U;trouble;élevés;sec;62;10;10;5;5;22;520127,17;8592966,79
2021;Juin;05/11/2021;7;Koungou;Kangani;U;trouble;élevés;sec;62;10;10;5;5;22;520099,39;8592838,31
2021;Septembre;04/03/2021;6;Koungou;Kangani;U;trouble;élevés;sec;24;10;10;5;3;13;520115,69;8592855,11
2021;Août;08/10/2021;3;Koungou;Kangani;U;trouble;élevés;sec;39;29;29;5;5;34;520127,17;8592966,79
2021;Août;08/10/2021;7;Koungou;Kangani;U;trouble;élevés;sec;45;29;29;5;5;34;520164,53;8592838,27
2021;Août;23/03/2021;9;Koungou;Kangani;U;trouble;élevés;sec;192;11;38;5;5;43;520137,24;8592627,29
2021;Août;26/08/2021;6;Koungou;Kangani;U;trouble;élevés;sec;69;39;39;5;5;44;520115,69;8592855,11
2021;Août;29/03/2021;8;Koungou;Kangani;U;trouble;élevés;sec;53;41;41;5;5;46;520212,53;8592719,58
2021;Août;15/10/2021;10;Koungou;Kangani;U;trouble;élevés;sec;69;44;44;5;5;49;520124,05;8592713,34
2021;Septembre;08/10/2021;9;Koungou;Kangani;U;trouble;élevés;sec;67;56;56;5;5;61;520137,24;8592627,29
2021;Octobre;18/05/2021;8;Koungou;Kangani;U;trouble;élevés;sec;25;39;39;23;23;62;520212,53;8592719,58
2021;Septembre;09/09/2021;4;Koungou;Kangani;U;trouble;élevés;sec;117;68;68;5;5;73;520157,31;8592912,59
2021;Octobre;04/03/2021;3;Koungou;Kangani;U;trouble;élevés;sec;102;13;30;5;64;94;520127,17;8592966,79
2021;Septembre;23/03/2021;8;Koungou;Kangani;U;trouble;élevés;sec;208;13;100;5;5;105;520212,53;8592719,58
2021;Octobre;09/03/2021;3;Koungou;Kangani;U;trouble;élevés;sec;126;13;13;5;97;110;520127,17;8592966,79
2021;Septembre;23/03/2021;6;Koungou;Kangani;U;trouble;élevés;sec;129;13;127;5;5;132;520115,69;8592855,11
2021;Octobre;04/03/2021;7;Koungou;Kangani;U;trouble;élevés;sec;222;13;13;5;167;180;520164,53;8592838,27
2021;Février;06/05/2021;5;Koungou;Kangani;U;claire;faibles;sec;0;0;0;0;0;0;520046,77;8592876,28
2021;Mars ;06/05/2021;2;Koungou;Kangani;U;claire;faibles;sec;23;0;0;0;0;0;520214,66;8592955,12
2021;Septembre;09/03/2021;4;Koungou;Kangani;U;claire;faibles;sec;51;5;1;5;1;2;520157,31;8592912,59
2021;Septembre;30/09/2021;4;Koungou;Kangani;U;claire;faibles;sec;78;0;0;3;3;3;520157,31;8592912,59
2021;Février;09/06/2021;7;Koungou;Kangani;U;claire;faibles;sec;0;0;0;5;5;5;520164,53;8592838,27
2021;Mars ;18/05/2021;2;Koungou;Kangani;U;claire;faibles;sec;7;0;0;5;5;5;520214,66;8592955,12
2021;Mars ;15/09/2021;2;Koungou;Kangani;U;claire;faibles;sec;19;0;0;5;5;5;520214,55;8592955,12
2021;Avril;15/10/2021;1;Koungou;Kangani;U;claire;faibles;sec;29;0;0;5;5;5;520396,49;8593102,62
2021;Avril;26/08/2021;5;Koungou;Kangani;U;claire;faibles;sec;32;0;0;5;5;5;520046,77;8592876,28
2021;Avril;30/09/2021;8;Koungou;Kangani;U;claire;faibles;sec;33;0;0;5;5;5;520212,53;8592719,58
2021;Avril;08/10/2021;1;Koungou;Kangani;U;claire;faibles;sec;43;0;0;5;5;5;520396,49;8593102,62
2021;Avril;08/10/2021;5;Koungou;Kangani;U;claire;faibles;sec;43;0;0;5;5;5;520046,77;8592876,28
2021;mai;30/09/2021;1;Koungou;Kangani;U;claire;faibles;sec;61;0;0;5;5;5;520396,49;8593102,62
2021;mai;15/10/2021;5;Koungou;Kangani;U;claire;faibles;sec;81;0;0;5;5;5;520046,77;8592876,28
2021;Juin;02/06/2021;2;Koungou;Kangani;U;claire;faibles;sec;64;1;1;5;5;6;520214,66;8592955,12
2021;Juin;04/03/2021;10;Koungou;Kangani;U;claire;faibles;sec;31;3;1;5;5;6;520124,05;8592713,34
2021;Juin;09/03/2021;8;Koungou;Kangani;U;claire;faibles;sec;75;3;1;5;5;6;520212,53;8592719,58
2021;Juillet ;16/06/2021;7;Koungou;Kangani;U;claire;faibles;sec;21;3;3;5;5;8;520099,39;8592838,31
2021;Juillet ;23/03/2021;5;Koungou;Kangani;U;claire;faibles;sec;84;3;3;5;5;8;520046,77;8592876,28
2021;Octobre;15/10/2021;9;Koungou;Kangani;U;claire;faibles;sec;73;0;0;13;13;13;520137,24;8592627,29
2021;Juillet ;09/09/2021;11;Koungou;Kangani;U;claire;faibles;sec;24;8;8;5;5;13;520319,66;8592688,64
2021;Juillet ;26/05/2021;8;Koungou;Kangani;U;claire;faibles;sec;44;14;14;0;0;14;520212,53;8592719,58
2021;Septembre;26/08/2021;3;Koungou;Kangani;U;claire;faibles;sec;54;4;4;2;2;6;520127,17;8592966,79
2021;Juillet ;29/07/2021;2;Koungou;Kangani;U;claire;faibles;sec;49;15;15;5;5;20;520214,66;8592955,12
2021;Juillet ;29/03/2021;4;Koungou;Kangani;U;claire;faibles;sec;85;15;15;5;5;20;520157,31;8592912,59
2021;Juillet ;23/03/2021;10;Koungou;Kangani;U;claire;faibles;sec;180;4;15;5;5;20;520124,05;8592713,34
2021;Avril;04/03/2021;5;Koungou;Kangani;U;claire;faibles;sec;30;4;4;5;5;21;520046,77;8592876,28
2021;mai;15/10/2021;8;Koungou;Kangani;U;claire;faibles;sec;134;4;4;5;5;21;520212,53;8592719,58
2021;mai;04/03/2021;4;Koungou;Kangani;U;claire;faibles;sec;92;4;4;5;5;21;520157,31;8592912,59
2021;Octobre;15/09/2021;11;Koungou;Kangani;U;claire;faibles;sec;13;4;4;4;4;8;520319,66;8592688,64
2021;Juin;21/10/2021;1;Koungou;Kangani;U;claire;faibles;sec;62;4;4;5;5;21;520396,49;8593102,62
2021;Juin;21/10/2021;2;Koungou;Kangani;U;claire;faibles;sec;62;3;3;5;5;21;520214,66;8592955,12
2021;Juin;21/10/2021;3;Koungou;Kangani;U;claire;faibles;sec;62;3;3;5;5;21;520126,73;8592966,79
2021;Juin;21/10/2021;8;Koungou;Kangani;U;claire;faibles;sec;62;3;3;5;5;21;520212,53;8592719,58
2021;Juin;21/10/2021;4;Koungou;Kangani;U;claire;faibles;sec;62;3;3;5;5;21;520157,31;8592912,59
2021;Juin;21/10/2021;5;Koungou;Kangani;U;claire;faibles;sec;62;3;3;5;5;21;520046,77;8592876,28
2021;Juin;21/10/2021;6;Koungou;Kangani;U;claire;faibles;sec;62;3;3;5;5;21;520115,69;8592855,11
2021;Juin;21/10/2021;7;Koungou;Kangani;U;claire;faibles;sec;62;3;3;5;5;21;520164,53;8592838,27
2021;Juin;21/10/2021;9;Koungou;Kangani;U;claire;faibles;sec;62;3;3;5;5;22;520137,24;8592627,29
2021;Juin;21/10/2021;10;Koungou;Kangani;U;claire;faibles;sec;62;3;3;5;5;22;520124,05;8592713,34
2021;Juin;21/10/2021;11;Koungou;Kangani;U;claire;faibles;sec;62;3;3;5;5;22;520319,66;8592688,64
2021;Juin;05/11/2021;2;Koungou;Kangani;U;claire;faibles;sec;62;3;3;5;5;22;520214,66;8592955,12
2021;Juin;05/11/2021;6;Koungou;Kangani;U;claire;faibles;sec;62;3;3;5;5;22;520115,69;8592855,11
2021;Juillet ;08/10/2021;2;Koungou;Kangani;U;claire;faibles;sec;92;17;17;5;5;22;520214,66;8592955,12
2021;Février;09/03/2021;5;Koungou;Kangani;U;claire;faibles;sec;0;3;3;5;5;22;520046,77;8592876,28
2021;Février;09/03/2021;9;Koungou;Kangani;U;claire;faibles;sec;0;3;3;5;5;22;520137,24;8592627,29
2021;Juillet ;15/10/2021;6;Koungou;Kangani;U;claire;faibles;sec;55;18;18;5;5;23;520115,69;8592855,11
2021;Septembre;16/06/2021;11;Koungou;Kangani;U;claire;faibles;sec;18;3;3;5;5;25;520319,66;8592688,64
2021;Août;18/05/2021;9;Koungou;Kangani;U;claire;faibles;sec;40;27;27;0;0;27;520137,24;8592627,29
2021;Août;23/03/2021;4;Koungou;Kangani;U;claire;faibles;sec;171;3;22;5;5;27;520157,31;8592912,59
2021;Août;15/09/2021;7;Koungou;Kangani;U;claire;faibles;sec;68;29;29;0;0;29;520110,25;8592838,31
2021;Août;06/05/2021;8;Koungou;Kangani;U;claire;faibles;sec;105;29;29;0;0;29;520212,53;8592719,58
2021;Octobre;15/09/2021;6;Koungou;Kangani;U;claire;faibles;sec;89;17;17;17;17;34;520115,69;8592855,11
2021;Octobre;15/10/2021;7;Koungou;Kangani;U;claire;faibles;sec;80;43;43;11;11;54;520099,39;8592838,31
2021;Octobre;04/03/2021;9;Koungou;Kangani;U;claire;faibles;sec;42;4;4;5;34;38;519485,9;8592627,75
2021;Septembre;15/10/2021;4;Koungou;Kangani;U;claire;faibles;sec;157;59;59;5;5;64;520157,31;8592912,59
2021;Septembre;23/03/2021;11;Koungou;Kangani;U;claire;faibles;sec;162;5;59;5;5;64;520319,66;8592688,64
2021;Septembre;06/05/2021;9;Koungou;Kangani;U;claire;faibles;sec;173;68;68;0;0;68;520137,24;8592627,29
2021;Octobre;06/05/2021;11;Koungou;Kangani;U;claire;faibles;sec;105;47;47;24;24;71;520319,66;8592688,64
2021;Octobre;18/05/2021;11;Koungou;Kangani;U;claire;faibles;sec;108;53;53;20;20;73;520319,66;8592688,64
2021;Octobre;26/05/2021;6;Koungou;Kangani;U;claire;faibles;sec;93;64;64;18;18;82;520115,69;8592855,11
2021;Septembre;06/05/2021;3;Koungou;Kangani;U;claire;faibles;sec;42;85;85;0;0;85;520127,17;8592966,79
2021;Septembre;09/03/2021;2;Koungou;Kangani;U;claire;faibles;sec;104;7;83;5;5;88;520214,66;8592955,12
2021;Septembre;06/05/2021;1;Koungou;Kangani;U;claire;faibles;sec;200;91;91;0;0;91;520396,49;8593102,62
2021;Septembre;09/03/2021;1;Koungou;Kangani;U;claire;faibles;sec;106;8;91;5;5;96;520396,49;8593102,62
2021;Septembre;06/05/2021;6;Koungou;Kangani;U;claire;faibles;sec;80;97;97;0;0;97;520115,8;8592855,11
2021;Septembre;02/06/2021;3;Koungou;Kangani;U;claire;faibles;sec;97;92;92;5;5;97;520127,17;8592966,79
2021;Octobre;06/05/2021;10;Koungou;Kangani;U;claire;faibles;sec;150;89;89;17;17;106;520124,05;8592713,34
2021;Août;26/08/2021;9;Koungou;Kangani;U;trouble;faibles;sec;97;41;41;5;5;46;520137,24;8592627,29
2021;Août;09/03/2021;7;Koungou;Kangani;U;trouble;faibles;sec;223;11;48;5;5;53;520164,53;8592838,27
2021;Octobre;09/03/2021;11;Koungou;Kangani;U;trouble;faibles;sec;135;13;27;5;61;88;520319,66;8592688,64
2021;mai;07/07/2021;2;Koungou;Kangani;U;claire;Neutre;sec;90;0;0;0;0;0;520214,66;8592955,12
2021;Février;18/05/2021;5;Koungou;Kangani;U;Neutre;Neutre;sec;0;0;0;0;0;0;520046,77;8592876,28
2021;Mars ;19/08/2021;2;Koungou;Kangani;U;Neutre;Neutre;sec;0;0;0;5;5;5;520214,55;8592955,12
2021;Mars ;19/08/2021;4;Koungou;Kangani;U;Neutre;Neutre;sec;0;0;0;5;5;5;520157,31;8592912,59
2021;mai;23/03/2021;3;Koungou;Kangani;U;Neutre;Neutre;sec;62;20;20;5;5;21;520127,17;8592966,79
2021;mai;29/03/2021;5;Koungou;Kangani;U;Neutre;Neutre;sec;62;20;20;5;5;21;520046,77;8592876,28
2021;mai;30/06/2021;3;Koungou;Kangani;U;Neutre;Neutre;sec;62;20;20;5;5;21;520127,17;8592966,79
2021;mai;04/03/2021;11;Koungou;Kangani;U;Neutre;Neutre;sec;62;20;20;5;5;21;520319,66;8592688,64
2021;mai;23/03/2021;2;Koungou;Kangani;U;Neutre;Neutre;sec;62;20;20;5;5;21;520214,66;8592955,12
2021;Mars ;05/11/2021;8;Koungou;Kangani;U;Neutre;Neutre;sec;0;22;22;5;5;21;520212,53;8592719,58
2021;Juin;30/06/2021;4;Koungou;Kangani;U;Neutre;Neutre;sec;62;22;22;5;5;21;520157,31;8592912,59
2021;Juin;23/07/2021;3;Koungou;Kangani;U;Neutre;Neutre;sec;62;22;22;5;5;21;520127,17;8592966,79
2021;Juin;23/07/2021;4;Koungou;Kangani;U;Neutre;Neutre;sec;62;22;22;5;5;21;520157,31;8592912,59
2021;Mars ;05/11/2021;11;Koungou;Kangani;U;Neutre;Neutre;sec;0;22;22;5;5;21;520319,66;8592688,64
2021;Juin;23/07/2021;6;Koungou;Kangani;U;Neutre;Neutre;sec;62;22;22;5;5;21;520115,69;8592855,11
2021;Juin;23/07/2021;7;Koungou;Kangani;U;Neutre;Neutre;sec;62;22;22;5;5;21;520099,39;8592838,31
2021;Juin;23/07/2021;11;Koungou;Kangani;U;Neutre;Neutre;sec;62;22;22;5;5;21;520319,66;8592688,64
2021;Mars ;15/10/2021;11;Koungou;Kangani;U;Neutre;Neutre;sec;0;21;21;5;5;22;520319,66;8592688,64
2021;Mars ;05/11/2021;4;Koungou;Kangani;U;Neutre;Neutre;sec;0;21;21;5;5;22;520157,31;8592912,59
2021;Mars ;05/11/2021;5;Koungou;Kangani;U;Neutre;Neutre;sec;0;21;21;5;5;22;520046,77;8592876,28
2021;Mars ;08/10/2021;4;Koungou;Kangani;U;Neutre;Neutre;sec;0;21;21;5;5;23;520157,31;8592912,59
2021;Mars ;30/09/2021;6;Koungou;Kangani;U;Neutre;Neutre;sec;0;21;21;5;5;23;520115,69;8592855,11
2021;Mars ;30/09/2021;5;Koungou;Kangani;U;Neutre;Neutre;sec;0;22;22;5;5;23;520046,77;8592876,28
2021;Mars ;30/09/2021;2;Koungou;Kangani;U;Neutre;Neutre;sec;0;22;22;5;5;23;520214,66;8592955,12
2021;Mars ;09/09/2021;5;Koungou;Kangani;U;Neutre;Neutre;sec;0;22;22;5;5;23;520046,77;8592876,28
2021;Septembre;04/03/2021;1;Koungou;Kangani;U;Neutre;Neutre;sec;63;22;85;5;0;85;520396,49;8593102,62
2021;Septembre;04/03/2021;2;Koungou;Kangani;U;Neutre;Neutre;sec;62;21;85;5;5;35;520214,66;8592955,12
2021;Juillet ;30/06/2021;8;Koungou;Kangani;U;trouble;élevés;faible;95;17;17;5;5;22;520212,53;8592719,58
2021;mai;09/06/2021;4;Koungou;Kangani;U;claire;faibles;sec;180;0;0;5;5;5;520157,31;8592912,59
2021;mai;18/05/2021;5;Koungou;koungou;PU;Neutre;faibles;sec;29;19;19;8;8;19;522709,17;8592231,19
2021;Octobre;29/04/2021;8;Koungou;koungou;PU;trouble;élevés;normal;78;94;94;0;0;94;522968,59;8586932,19
2021;Août;29/04/2021;8;Koungou;Kangani;U;claire;Neutre;normal;55;47;47;0;0;47;520212,53;8592719,58
2021;Juillet ;16/06/2021;6;Koungou;koungou;PU;Neutre;faibles;sec;165;19;0;8;8;8;522787,51;8592320,59
2021;Juin;26/05/2021;6;Koungou;koungou;PU;Neutre;faibles;sec;97;19;19;8;8;19;522787,51;8592320,48
2021;Juillet ;18/05/2021;4;Koungou;koungou;PU;Neutre;faibles;sec;99;19;19;8;8;19;522716,33;8592232,18
2021;mai;02/06/2021;6;Koungou;Kangani;U;trouble;élevés;sec;84;30;30;5;5;21;520115,69;8592855,11
2021;mai;30/06/2021;1;Koungou;Kangani;U;Neutre;Neutre;sec;250;39;39;5;5;21;520396,49;8593102,62
2021;Septembre;26/05/2021;1;Koungou;koungou;PU;Neutre;faibles;sec;29;29;29;17;17;46;522706,99;8592096,84
2021;mai;29/04/2021;2;Koungou;koungou;PU;claire;faibles;faible;29;0;0;8;8;8;523367,81;8592152,36
2021;Septembre;29/04/2021;6;Koungou;koungou;PU;claire;faibles;faible;83;38;38;8;8;46;522787,51;8592320,48
2021;Octobre;29/04/2021;4;Koungou;koungou;PU;claire;faibles;faible;62;74;74;18;18;92;522716,33;8592232,18
2021;mai;29/03/2021;6;Koungou;koungou;U;claire;faibles;faible;30;0;0;8;8;8;522787,51;8592320,48
2021;Juillet ;29/03/2021;5;Koungou;koungou;U;claire;faibles;faible;59;19;19;8;8;19;522709,17;8592231,19
2021;Septembre;29/04/2021;3;Koungou;koungou;PU;claire;faibles;normal;54;29;29;8;8;37;522693,5;8592187,42
2021;Octobre;29/03/2021;3;Koungou;koungou;U;claire;faibles;normal;80;62;62;8;8;70;522690,57;8592187,42
2021;Octobre;29/04/2021;5;Koungou;koungou;PU;claire;faibles;normal;119;63;63;8;8;71;522709,17;8592231,19
2021;Octobre;29/04/2021;1;Koungou;koungou;PU;claire;faibles;normal;103;59;59;24;24;83;522706,99;8592096,84
2021;Août;02/06/2021;7;Koungou;koungou;PU;trouble;élevés;sec;32;11;11;18;18;29;522822,77;8592305,64
2021;Août;07/07/2021;4;Koungou;Koungou;PU;trouble;élevés;sec;34;6;6;8;8;14;522715,93;11408268,3
2021;Août;23/03/2021;2;Koungou;koungou;PU;trouble;élevés;sec;241;19;10;8;8;18;523367,81;8592152,36
2021;mai;16/09/2021;3;Koungou;Koungou;PU;trouble;élevés;sec;11;19;19;8;8;19;522693,5;8592187,42
2021;Juin;16/09/2021;2;Koungou;Koungou;PU;trouble;élevés;sec;64;19;19;8;8;19;523367,81;8592152,36
2021;Septembre;27/08/2021;1;Koungou;Koungou;PU;trouble;élevés;sec;24;13;13;8;8;21;522706,99;8592096,84
2021;mai;01/09/2021;1;Koungou;Koungou;PU;trouble;élevés;sec;27;0;0;29;29;29;522706,99;8592096,84
2021;Septembre;08/06/2021;1;Koungou;koungou;PU;trouble;élevés;sec;41;38;38;8;8;46;522706,99;8592096,84
2021;Septembre;01/10/2021;2;Koungou;Koungou;PU;trouble;élevés;sec;89;44;44;8;8;52;523367,81;8592152,36
2021;Octobre;02/06/2021;8;Koungou;koungou;PU;trouble;élevés;sec;79;63;63;8;8;71;522936,03;8586932,22
2021;Octobre;16/06/2021;5;Koungou;koungou;PU;trouble;élevés;sec;0;18;137;8;8;145;522709,17;8592231,19
2021;Juin;06/05/2021;2;Koungou;koungou;PU;claire;faibles;sec;59;0;0;0;0;0;523367,81;8592152,36
2021;mai;09/03/2021;8;Koungou;koungou;PU;claire;faibles;sec;15;19;19;8;8;1;522936,03;8586932,22
2021;Juillet ;04/03/2021;5;Koungou;koungou;PU;claire;faibles;sec;31;19;1;8;1;2;522709,17;invalid input
2021;Octobre;09/03/2021;2;Koungou;koungou;PU;claire;faibles;sec;172;19;137;8;8;3;523367,81;8592152,36
2021;Mars ;27/08/2021;5;Koungou;Koungou;PU;claire;faibles;sec;0;0;0;8;8;8;522709,17;8592231,19
2021;Mars ;08/10/2021;4;Koungou;Koungou;PU;claire;faibles;sec;0;0;0;8;8;8;522716,33;8592232,18
2021;Avril;27/08/2021;3;Koungou;Koungou;PU;claire;faibles;sec;1;0;0;8;8;8;522693,5;8592187,42
2021;mai;01/09/2021;3;Koungou;Koungou;PU;claire;faibles;sec;29;0;0;8;8;8;522693,5;8592187,42
2021;Juin;26/05/2021;3;Koungou;koungou;PU;claire;faibles;sec;42;0;0;8;8;8;522693,5;8592187,42
2021;Juin;27/08/2021;6;Koungou;Koungou;PU;claire;faibles;sec;45;0;0;8;8;8;522787,51;8592320,48
2021;Juin;01/09/2021;6;Koungou;Koungou;PU;claire;faibles;sec;57;0;0;8;8;8;522787,51;8592320,59
2021;Juin;01/10/2021;8;Koungou;Koungou;PU;claire;faibles;sec;77;0;0;8;8;8;522936,03;invalid input
2021;Août;09/03/2021;1;Koungou;koungou;PU;claire;faibles;sec;33;19;2;8;8;10;522707,04;8592152,13
2021;Août;06/05/2021;8;Koungou;koungou;PU;claire;faibles;sec;18;5;5;8;8;13;522936,03;8586932,22
2021;Août;08/10/2021;8;Koungou;Koungou;PU;claire;faibles;sec;45;5;5;8;8;13;522936,03;8586932,22
2021;Juillet ;09/03/2021;4;Koungou;koungou;PU;claire;faibles;sec;203;19;19;8;8;14;522716,33;8592232,18
2021;Août;08/10/2021;6;Koungou;Koungou;PU;claire;faibles;sec;84;7;7;8;8;15;522787,51;8592320,59
2021;Août;02/06/2021;6;Koungou;koungou;PU;claire;faibles;sec;97;11;11;8;8;19;522787,51;8592320,48
2021;Février;09/03/2021;6;Koungou;koungou;PU;claire;faibles;sec;0;19;19;8;8;19;522787,43;8592231,13
2021;Mars ;08/10/2021;1;Koungou;Koungou;PU;claire;faibles;sec;0;19;19;8;8;19;522706,99;8592096,84
2021;Mars ;14/10/2021;1;Koungou;Koungou;PU;claire;faibles;sec;0;19;19;8;8;19;522706,99;8592096,84
2021;Mars ;14/10/2021;2;Koungou;Koungou;PU;claire;faibles;sec;0;19;19;8;8;19;523367,81;8592152,36
2021;Mars ;14/10/2021;5;Koungou;Koungou;PU;claire;faibles;sec;0;19;19;8;8;19;522709,17;8592231,19
2021;Mars ;14/10/2021;7;Koungou;Koungou;PU;claire;faibles;sec;0;19;19;8;8;19;522822,77;8592305,64
2021;Mars ;14/10/2021;8;Koungou;Koungou;PU;claire;faibles;sec;0;19;19;8;8;19;522936,03;8586932,22
2021;Mars ;21/10/2021;3;Koungou;Koungou;PU;claire;faibles;sec;0;19;19;8;8;19;522693,5;8592187,42
2021;Mars ;21/10/2021;5;Koungou;Koungou;PU;claire;faibles;sec;0;19;19;8;8;19;522709,17;8592231,19
2021;Mars ;21/10/2021;8;Koungou;Koungou;PU;claire;faibles;sec;0;19;19;8;8;19;522936,03;8586932,22
2021;Avril;21/10/2021;2;Koungou;Koungou;PU;claire;faibles;sec;4;19;19;8;8;19;523367,81;8592152,36
2021;Avril;21/10/2021;6;Koungou;Koungou;PU;claire;faibles;sec;7;19;19;8;8;19;522787,51;8592320,59
2021;Avril;04/03/2021;6;Koungou;koungou;PU;claire;faibles;sec;8;19;19;8;8;19;522787,51;8592320,48
2021;Avril;21/10/2021;4;Koungou;Koungou;PU;claire;faibles;sec;8;19;19;8;8;19;522716,33;8592232,18
2021;Avril;14/10/2021;3;Koungou;Koungou;PU;claire;faibles;sec;10;19;19;8;8;19;522693,5;8592187,42
2021;mai;21/10/2021;1;Koungou;Koungou;PU;claire;faibles;sec;20;19;19;8;8;19;522706,99;8592096,84
2021;mai;14/10/2021;6;Koungou;Koungou;PU;claire;faibles;sec;23;19;19;8;8;19;522787,51;8592320,48
2021;Juin;14/10/2021;4;Koungou;Koungou;PU;claire;faibles;sec;45;19;19;8;8;19;522716,33;8592232,18
2021;Juillet ;04/03/2021;1;Koungou;koungou;PU;claire;faibles;sec;111;19;19;8;8;19;522706,99;8592096,84
2021;Août;23/03/2021;6;Koungou;koungou;PU;claire;faibles;sec;79;19;12;8;8;20;522787,51;8592320,48
2021;Juin;02/06/2021;3;Koungou;koungou;PU;claire;faibles;sec;51;19;19;1;1;20;522693,5;8592187,42
2021;Septembre;08/10/2021;5;Koungou;Koungou;PU;claire;faibles;sec;13;13;13;8;8;21;522709,17;8592231,19
2021;Juillet ;04/03/2021;7;Koungou;koungou;PU;claire;faibles;sec;114;19;19;8;4;23;522822,77;8592305,64
2021;Septembre;08/10/2021;3;Koungou;Koungou;PU;claire;faibles;sec;45;18;18;8;8;26;522693,5;8592187,42
2021;Septembre;09/03/2021;5;Koungou;koungou;PU;claire;faibles;sec;118;19;24;8;8;32;522709,17;8592231,19
2021;Septembre;04/03/2021;4;Koungou;koungou;PU;claire;faibles;sec;30;19;25;8;8;33;522716,33;8592232,18
2021;Septembre;29/07/2021;2;Koungou;Koungou;PU;claire;faibles;sec;64;29;29;8;8;37;523367,81;8592152,36
2021;Septembre;08/06/2021;6;Koungou;koungou;PU;claire;faibles;sec;220;37;37;8;8;45;522787,51;8592320,59
2021;Septembre;04/03/2021;8;Koungou;koungou;PU;claire;faibles;sec;81;19;17;8;29;46;522936,03;8586932,22
2021;Juin;08/10/2021;2;Koungou;Koungou;PU;claire;faibles;sec;68;19;19;27;27;46;523367,81;8592152,36
2021;Septembre;01/10/2021;3;Koungou;Koungou;PU;claire;faibles;sec;63;39;39;8;8;47;522693,5;8592187,42
2021;Octobre;29/07/2021;5;Koungou;Koungou;PU;claire;faibles;sec;53;45;45;8;8;53;522709,17;8592231,19
2021;Octobre;06/05/2021;6;Koungou;koungou;PU;claire;faibles;sec;93;49;49;8;8;57;522787,51;8592320,48
2021;Octobre;08/06/2021;8;Koungou;koungou;PU;claire;faibles;sec;60;52;52;8;8;60;522936,03;8586932,22
2021;Septembre;04/03/2021;3;Koungou;koungou;PU;claire;faibles;sec;76;19;27;8;33;60;522693,5;8592187,42
2021;Octobre;04/03/2021;2;Koungou;koungou;PU;claire;faibles;sec;228;19;98;8;8;106;523367,81;8592152,36
2021;Octobre;23/03/2021;5;Koungou;koungou;PU;claire;faibles;sec;133;19;108;8;8;116;522709,17;8592231,19
2021;Mars ;07/07/2021;3;Koungou;Koungou;PU;Neutre;faibles;sec;0;0;0;0;0;0;522693,5;8592187,42
2021;Mars ;07/07/2021;7;Koungou;Koungou;PU;Neutre;faibles;sec;0;0;0;0;0;0;522822,77;8592305,64
2021;Mars ;07/07/2021;8;Koungou;Koungou;PU;Neutre;faibles;sec;0;0;0;0;0;0;522936,03;8586932,22
2021;Avril;07/07/2021;2;Koungou;Koungou;PU;Neutre;faibles;sec;1;0;0;0;0;0;523367,81;8592152,36
2021;mai;18/05/2021;7;Koungou;koungou;PU;Neutre;faibles;sec;22;0;0;0;0;0;522822,77;8592305,64
2021;Juin;29/04/2021;7;Koungou;koungou;PU;Neutre;faibles;sec;59;0;0;0;0;0;522822,77;8592305,64
2021;mai;01/09/2021;4;Koungou;Koungou;PU;Neutre;faibles;sec;15;0;0;1;1;1;522716,33;8592232,18
2021;Juin;01/10/2021;7;Koungou;Koungou;PU;Neutre;faibles;sec;88;0;0;2;2;2;522822,77;8592305,64
2021;Août;16/06/2021;8;Koungou;koungou;PU;Neutre;faibles;sec;16;0;7;0;0;7;522936,03;8586932,22
2021;Février;16/06/2021;4;Koungou;koungou;PU;Neutre;faibles;sec;0;0;0;8;8;8;522716,33;8592232,18
2021;Février;16/06/2021;7;Koungou;koungou;PU;Neutre;faibles;sec;0;0;0;8;8;8;522822,77;8592305,64
2021;Mars ;05/08/2021;8;Koungou;Koungou;PU;Neutre;faibles;sec;0;0;0;8;8;8;522936,03;8586932,22
2021;Mars ;20/08/2021;4;Koungou;Koungou;PU;Neutre;faibles;sec;0;0;0;8;8;8;522716,33;8592232,18
2021;Mars ;20/08/2021;7;Koungou;Koungou;PU;Neutre;faibles;sec;0;0;0;8;8;8;522822,77;8592305,64
2021;Mars ;27/08/2021;8;Koungou;Koungou;PU;Neutre;faibles;sec;0;0;0;8;8;8;522936,03;8586932,22
2021;Mars ;24/09/2021;1;Koungou;Koungou;U;Neutre;faibles;sec;0;0;0;8;8;8;522706,99;8592096,84
2021;Mars ;08/06/2021;3;Koungou;koungou;PU;Neutre;faibles;sec;1;0;0;8;8;8;522693,5;8592187,42
2021;Avril;20/08/2021;3;Koungou;Koungou;PU;Neutre;faibles;sec;1;0;0;8;8;8;522693,5;8592187,42
2021;Avril;15/07/2021;8;Koungou;Koungou;PU;Neutre;faibles;sec;5;0;0;8;8;8;522940,17;11408039,1
2021;Avril;06/05/2021;5;Koungou;koungou;PU;Neutre;faibles;sec;11;0;0;8;8;8;522709,17;8592231,19
2021;Avril;15/07/2021;7;Koungou;Koungou;PU;Neutre;faibles;sec;11;0;0;8;8;8;522822,37;11408194,9
2021;Avril;01/09/2021;8;Koungou;Koungou;PU;Neutre;faibles;sec;11;0;0;8;8;8;522936,03;8586932,22
2021;Avril;09/09/2021;7;Koungou;Koungou;PU;Neutre;faibles;sec;11;0;0;8;8;8;522822,77;8592305,64
2021;mai;05/08/2021;7;Koungou;Koungou;PU;Neutre;faibles;sec;17;0;0;8;8;8;522822,77;8592305,64
2021;mai;09/09/2021;3;Koungou;Koungou;PU;Neutre;faibles;sec;17;0;0;8;8;8;522693,5;8592187,42
2021;mai;01/09/2021;7;Koungou;Koungou;PU;Neutre;faibles;sec;24;0;0;8;8;8;522822,77;8592305,64
2021;mai;26/05/2021;4;Koungou;koungou;PU;Neutre;faibles;sec;25;0;0;8;8;8;522709,17;8592232,19
2021;mai;26/05/2021;2;Koungou;koungou;PU;Neutre;faibles;sec;27;0;0;8;8;8;523367,81;8592152,36
2021;mai;08/10/2021;7;Koungou;Koungou;PU;Neutre;faibles;sec;29;0;0;8;8;8;522822,77;8592305,64
2021;mai;02/06/2021;5;Koungou;koungou;PU;Neutre;faibles;sec;31;0;0;8;8;8;522709,17;8592231,19
2021;Juin;26/05/2021;5;Koungou;koungou;PU;Neutre;faibles;sec;37;0;0;8;8;8;522709,17;8592231,19
2021;Juin;02/06/2021;4;Koungou;koungou;PU;Neutre;faibles;sec;39;0;0;8;8;8;522716,33;8592232,18
2021;Juin;27/08/2021;4;Koungou;Koungou;PU;Neutre;faibles;sec;40;0;0;8;8;8;522716,33;8592232,18
2021;Juin;24/09/2021;2;Koungou;Koungou;U;Neutre;faibles;sec;49;0;0;8;8;8;523367,81;8592152,36
2021;Juin;24/09/2021;8;Koungou;Koungou;U;Neutre;faibles;sec;62;0;0;8;8;8;522936,03;8586932,22
2021;Juin;01/10/2021;4;Koungou;Koungou;PU;Neutre;faibles;sec;68;0;0;8;8;8;522716,33;8592232,18
2021;Juillet ;29/03/2021;7;Koungou;koungou;U;Neutre;faibles;sec;132;0;0;8;8;8;522822,77;8592305,64
2021;Juillet ;15/07/2021;3;Koungou;Koungou;PU;Neutre;faibles;sec;166;0;0;8;8;8;522693,5;8592187,42
2021;Juillet ;15/07/2021;4;Koungou;Koungou;PU;Neutre;faibles;sec;166;0;0;8;8;8;522716,33;8592232,18
2021;Juin;16/06/2021;3;Koungou;koungou;PU;Neutre;faibles;sec;65;57;0;8;8;8;522693,5;8592187,42
2021;Février;16/06/2021;2;Koungou;koungou;PU;Neutre;faibles;sec;0;19;0;8;8;8;523367,81;8592152,36
2021;Juillet ;15/07/2021;1;Koungou;Koungou;PU;Neutre;faibles;sec;166;1;1;8;8;9;522706,99;8592096,84
2021;Juillet ;09/09/2021;8;Koungou;Koungou;PU;Neutre;faibles;sec;23;2;2;8;8;10;522936,03;8586932,22
2021;Août;07/07/2021;1;Koungou;Koungou;PU;Neutre;faibles;sec;25;3;3;8;8;11;522706,99;8592096,84
2021;Août;01/10/2021;1;Koungou;Koungou;PU;Neutre;faibles;sec;27;3;3;8;8;11;522706,99;8592096,84
2021;Août;09/09/2021;4;Koungou;Koungou;PU;Neutre;faibles;sec;13;5;5;8;8;13;522716,33;8592232,18
2021;Août;29/07/2021;3;Koungou;Koungou;PU;Neutre;faibles;sec;32;6;6;8;8;14;522693,5;8592187,42
2021;Août;23/07/2021;2;Koungou;Koungou;PU;Neutre;faibles;sec;19;11;11;8;8;19;523367,81;8592152,36
2021;Août;29/07/2021;8;Koungou;Koungou;PU;Neutre;faibles;sec;29;11;11;8;8;19;522936,03;8586932,22
2021;Août;24/09/2021;7;Koungou;Koungou;U;Neutre;faibles;sec;73;11;11;8;8;19;522822,77;8592305,64
2021;Juin;02/06/2021;1;Koungou;koungou;PU;Neutre;faibles;sec;73;19;19;0;0;19;522706,99;8592096,84
2021;Février;18/05/2021;8;Koungou;koungou;PU;Neutre;faibles;sec;0;19;19;8;8;19;522936,03;8586932,22
2021;Février;08/06/2021;5;Koungou;koungou;PU;Neutre;faibles;sec;0;19;19;8;8;19;522709,17;8592231,19
2021;Mars ;21/10/2021;7;Koungou;Koungou;PU;Neutre;faibles;sec;0;19;19;8;8;19;522822,77;8592305,64
2021;Avril;30/06/2021;4;Koungou;Koungou;PU;Neutre;faibles;sec;1;19;19;8;8;19;522716,33;8592232,18
2021;Avril;30/06/2021;7;Koungou;Koungou;PU;Neutre;faibles;sec;9;19;19;8;8;19;522822,77;8592305,64
2021;mai;05/08/2021;4;Koungou;Koungou;PU;Neutre;faibles;sec;12;19;19;8;8;19;522716,33;8592232,18
2021;mai;16/09/2021;7;Koungou;Koungou;PU;Neutre;faibles;sec;27;19;19;8;8;19;522822,77;8592305,64
2021;mai;16/09/2021;4;Koungou;Koungou;PU;Neutre;faibles;sec;32;19;19;8;8;19;522716,33;8592232,18
2021;Juin;16/09/2021;8;Koungou;Koungou;PU;Neutre;faibles;sec;47;19;19;8;8;19;522936,03;8586932,22
2021;Juin;16/09/2021;6;Koungou;Koungou;PU;Neutre;faibles;sec;63;19;19;8;8;19;522787,51;8592320,48
2021;Juin;30/06/2021;3;Koungou;Koungou;PU;Neutre;faibles;sec;65;19;19;8;8;19;522693,5;8592187,42
2021;Juillet ;30/06/2021;6;Koungou;Koungou;PU;Neutre;faibles;sec;114;19;19;8;8;19;522787,1;11408179,9
2021;Juillet ;23/03/2021;8;Koungou;koungou;PU;Neutre;faibles;sec;207;19;19;8;8;19;522936,03;8586932,22
2021;Juillet ;20/08/2021;8;Koungou;Koungou;PU;Neutre;faibles;sec;430;19;19;8;8;19;522936,03;8586932,22
2021;Juillet ;20/08/2021;2;Koungou;Koungou;PU;Neutre;faibles;sec;166;19;19;8;8;19;523367,81;8592152,36
2021;Juillet ;09/09/2021;5;Koungou;Koungou;PU;Neutre;faibles;sec;166;19;19;8;8;19;522709,17;8592231,19
2021;Juillet ;04/11/2021;1;Koungou;Koungou;PU;Neutre;faibles;sec;166;19;19;8;8;19;522706,99;8592096,84
2021;Juillet ;04/11/2021;2;Koungou;Koungou;PU;Neutre;faibles;sec;166;19;19;8;8;19;523367,81;8592152,36
2021;Juillet ;04/11/2021;3;Koungou;Koungou;PU;Neutre;faibles;sec;166;19;19;8;8;19;522693,5;8592187,42
2021;Juillet ;04/11/2021;4;Koungou;Koungou;PU;Neutre;faibles;sec;166;19;19;8;8;19;522716,33;8592232,18
2021;Juillet ;04/11/2021;5;Koungou;Koungou;PU;Neutre;faibles;sec;166;19;19;8;8;19;522709,17;8592231,19
2021;Juillet ;04/11/2021;6;Koungou;Koungou;PU;Neutre;faibles;sec;166;19;19;8;8;19;522787,51;8592320,59
2021;Juillet ;04/11/2021;7;Koungou;Koungou;PU;Neutre;faibles;sec;166;19;19;8;8;19;522822,77;8592305,64
2021;Juillet ;04/11/2021;8;Koungou;Koungou;PU;Neutre;faibles;sec;166;19;19;8;8;19;522986,94;8650098,85
2021;Septembre;29/07/2021;4;Koungou;Koungou;PU;Neutre;faibles;sec;41;17;17;3;3;20;522716,33;8592232,18
2021;Mars ;08/06/2021;7;Koungou;koungou;PU;Neutre;faibles;sec;1;19;19;1;1;20;522822,77;8592305,64
2021;mai;06/05/2021;7;Koungou;koungou;PU;Neutre;faibles;sec;27;19;19;2;2;21;522822,77;8592305,64
2021;Septembre;27/08/2021;7;Koungou;Koungou;PU;Neutre;faibles;sec;18;14;14;8;8;22;522822,77;8592305,64
2021;mai;09/09/2021;2;Koungou;Koungou;PU;Neutre;faibles;sec;33;19;19;3;3;22;523367,81;8592152,36
2021;Septembre;07/07/2021;5;Koungou;Koungou;PU;Neutre;faibles;sec;116;15;15;8;8;23;522709,17;8592231,19
2021;Septembre;24/09/2021;6;Koungou;Koungou;U;Neutre;faibles;sec;54;16;16;8;8;24;522787,51;8592320,59
2021;Octobre;30/06/2021;5;Koungou;Koungou;PU;Neutre;faibles;sec;24;19;137;8;8;145;522709,17;8592231,19
2021;Octobre;30/06/2021;1;Koungou;Koungou;PU;Neutre;faibles;sec;69;19;137;8;8;145;522706,99;8592096,84
2021;Septembre;09/09/2021;6;Koungou;Koungou;PU;Neutre;faibles;sec;143;17;17;8;8;25;522787,51;8592320,48
2021;Juin;02/06/2021;2;Koungou;koungou;PU;Neutre;faibles;sec;68;19;19;9;9;28;523367,81;8592152,36
2021;Septembre;23/07/2021;7;Koungou;Koungou;PU;Neutre;faibles;sec;56;21;21;8;8;29;522822,77;8592305,64
2021;Septembre;23/07/2021;1;Koungou;Koungou;PU;Neutre;faibles;sec;63;21;21;8;8;29;522706,99;8592096,84
2021;Septembre;29/07/2021;6;Koungou;Koungou;PU;Neutre;faibles;sec;83;22;22;8;8;30;522787,51;8592320,48
2021;Juin;24/09/2021;3;Koungou;Koungou;U;Neutre;faibles;sec;77;19;19;12;12;31;522693,5;8592187,42
2021;Juin;24/09/2021;4;Koungou;Koungou;U;Neutre;faibles;sec;61;19;19;17;17;36;522716,33;8592232,18
2021;Septembre;20/08/2021;1;Koungou;Koungou;PU;Neutre;faibles;sec;110;32;32;8;8;40;522706,99;8592096,84
2021;Juin;24/09/2021;5;Koungou;Koungou;U;Neutre;faibles;sec;36;19;19;22;22;41;522709,17;8592231,19
2021;Septembre;23/03/2021;7;Koungou;koungou;PU;Neutre;faibles;sec;149;19;36;8;8;44;522822,77;8592305,64
2021;Septembre;23/03/2021;1;Koungou;koungou;PU;Neutre;faibles;sec;309;19;36;8;8;44;522706,99;8592096,84
2021;Septembre;29/03/2021;4;Koungou;koungou;U;Neutre;faibles;sec;120;16;16;29;29;45;522716,33;8592232,18
2021;Septembre;23/07/2021;5;Koungou;Koungou;PU;Neutre;faibles;sec;46;38;38;8;8;46;522709,17;8592231,19
2021;Septembre;20/08/2021;6;Koungou;Koungou;PU;Neutre;faibles;sec;191;43;43;8;8;51;522787,51;8592320,48
2021;Septembre;23/07/2021;8;Koungou;Koungou;PU;Neutre;faibles;sec;89;44;44;8;8;52;522936,03;8586932,22
2021;Octobre;01/10/2021;5;Koungou;Koungou;PU;Neutre;faibles;sec;95;45;45;8;8;53;522709,17;8592231,19
2021;Octobre;23/07/2021;3;Koungou;Koungou;PU;Neutre;faibles;sec;77;49;49;8;8;57;522693,5;8592187,42
2021;Octobre;27/08/2021;2;Koungou;Koungou;PU;Neutre;faibles;sec;96;49;49;8;8;57;523367,81;8592152,36
2021;Octobre;23/03/2021;3;Koungou;koungou;PU;Neutre;faibles;sec;164;19;49;8;8;57;522693,5;8592187,42
2021;Octobre;29/07/2021;7;Koungou;Koungou;PU;Neutre;faibles;sec;73;56;56;8;8;64;522822,77;8592305,64
2021;Octobre;05/08/2021;6;Koungou;Koungou;PU;Neutre;faibles;sec;166;57;57;8;8;65;522787,51;8592320,48
2021;Octobre;06/05/2021;1;Koungou;koungou;PU;Neutre;faibles;sec;87;63;63;12;12;75;522706,99;8592096,84
2021;Octobre;15/07/2021;6;Koungou;Koungou;PU;Neutre;faibles;sec;99;73;73;8;8;81;521701,95;8592321,46
2021;Octobre;01/10/2021;6;Koungou;Koungou;PU;Neutre;faibles;sec;182;73;73;8;8;81;522787,51;8592320,59
2021;Octobre;20/08/2021;5;Koungou;Koungou;PU;Neutre;faibles;sec;128;77;77;8;8;85;522709,17;8592231,19
2021;Octobre;23/07/2021;6;Koungou;Koungou;PU;Neutre;faibles;sec;111;83;83;8;8;91;522787,51;8592320,48
2021;Septembre;09/03/2021;7;Koungou;koungou;PU;Neutre;faibles;sec;128;19;13;8;8;96;522822,77;8592305,64
2021;Octobre;18/05/2021;6;Koungou;koungou;PU;Neutre;faibles;sec;349;102;102;8;8;110;522787,51;8592320,48
2021;Octobre;06/05/2021;4;Koungou;koungou;PU;Neutre;faibles;sec;105;107;107;8;8;115;522716,33;8592232,18
2021;Octobre;23/03/2021;4;Koungou;koungou;PU;Neutre;faibles;sec;219;19;215;8;8;223;522716,33;8592232,18
2021;Août;09/03/2021;3;Koungou;koungou;PU;Neutre;faibles;sec;14;19;11;8;8;;522693,5;8592187,42
2021;Octobre;30/06/2021;8;Koungou;Koungou;PU;Neutre;faibles;sec;0;19;21;8;8;;522936,03;8586932,22
2021;Juillet ;15/07/2021;2;Koungou;Koungou;PU;Neutre;faibles;sec;166;0;0;8;8;8;523367,81;8592152,36
2021;Juillet ;05/08/2021;5;Koungou;Koungou;PU;Neutre;faibles;sec;166;0;0;8;8;8;522709,17;8592231,19
2021;Mars ;30/06/2021;2;Koungou;Koungou;PU;Neutre;faibles;sec;0;19;19;8;8;19;523367,81;8592152,36
2021;Mars ;16/09/2021;1;Koungou;Koungou;PU;Neutre;faibles;sec;0;19;19;8;8;19;522706,99;8592096,84
2021;Juillet ;16/09/2021;5;Koungou;Koungou;PU;Neutre;faibles;sec;116;19;19;8;8;19;522698,31;8592231,2
2021;Juillet ;07/07/2021;6;Koungou;Koungou;PU;Neutre;faibles;sec;166;19;19;8;8;19;522787,51;8592320,59
2021;Juillet ;15/07/2021;5;Koungou;Koungou;PU;Neutre;faibles;sec;166;19;19;8;8;19;522709,17;8592231,19
2021;Juillet ;23/07/2021;4;Koungou;Koungou;PU;Neutre;faibles;sec;166;19;19;8;8;19;522716,33;8592232,18
2021;Juillet ;09/09/2021;1;Koungou;Koungou;PU;Neutre;faibles;sec;166;19;19;8;8;19;522706,99;8592096,84